{"cameraMode":{"drawMode":0,"name":"Shaded","section":"Shading Mode"},"sceneLighting":false,"audioPlay":false,"sceneViewState":{"m_AlwaysRefresh":true,"showFog":true,"showSkybox":false,"showFlares":true,"showImageEffects":true,"showParticleSystems":true,"showVisualEffectGraphs":true,"m_FxEnabled":false},"in2DMode":false,"pivot":{"x":0.009458617307245732,"y":0.05659538507461548,"z":0.37047484517097475},"rotation":{"x":-0.07141876965761185,"y":-0.8370978832244873,"z":0.11268587410449982,"w":-0.5305428504943848},"size":1.7320507764816285,"orthographic":false}